CA3054	Dual Differential Amplifier
CA3059	Zero Voltage Switch
CA3079	Zero Voltage Switch
DAC-08	High-Speed 8-Bit Multiplying D-to-A Converter
DS36147	Quad Three-State MOS Memory 1/0 Register
DS36177	Quad Three-State MOS Memory 1/0 Register
DS3645	Hex Three-State Latch/Driver
DS3647	Quad Three-State MOS Memory 1/0 Register
DS3675	Hex Three-State Latch/Driver
DS3677	Quad Three-State MOS Memory 1/0 Register
DS8641	Quad Unified Bus Transceiver
LF155	Monolithic JFET Operational Amplifier
LF156	Monolithic JFET Operational Amplifier
LF157	Monolithic JFET Operational Amplifier
LF347	Family of BIFET Operational Amplifiers
LF351	Family of BIFET Operational Amplifiers
LF353	Family of BIFET Operational Amplifiers
LF355,B	Monolithic JFET Operational Amplifier
LF356,B	Monolithic JFET Operational Amplifier
LF357,B	Monolithic JFET Operational Amplifier
LF411C	Low Offset, Low Drift JFET Input Operational Amplifier
LF412C	Low Offset, Low Drift JFET Input Operational Amplifier
LM101A	General Purpose Adjustable Operational Amplifier
LM108,A	Precision Operational Amplifiers
LM109	Positive Voltage Regulator
LM11,C,CL	Precision Operational Amplifiers
LM111	High Performance Voltage Comparator
LM117	3-Terminal Adjustable Positive Voltage Regulator
LM117L	Low-Current Adjustable Positive Voltage Regulator
LM123,A	3-Ampere, 5 Volt Positive Voltage Regulator
LM124	Quad Low-Power Operational Amplifier
LM137	3-Terminal Adjustable Negative Voltage Regulator
LM139,A	Quad Single-Supply Comparators
LM140,A	Three-Terminal Positive Fixed Voltage Regulators
LM148	Quad General Purpose Operational Amplifier
LM150	3-Terminal Adjustable Positive Voltage Regulator
LM158	Dual Low-Power Operational Amplifier
LM193,A	Dual Comparators
LM201A	General Purpose Adjustable Operational Amplifier
LM208,A	Precision Operational Amplifiers
LM209	Positive Voltage Regulator
LM211	High Performance Voltage Comparator
LM217	3-Terminal Adjustable Positive Voltage Regulator
LM217L	Low-Current Adjustable Positive Voltage Regulator
LM223,A	3-Ampere, 5 Volt Positive Voltage Regulator
LM224	Quad Low-Power Operational Amplifiers
LM237	3-Terminal Adjustable Negative Voltage Regulator
LM239,A	Quad Single-Supply Comparators
LM248	Quad MC 17 41 Operational Amplifier
LM250	3-Terminal Adjustable Positive Voltage Regulator
LM258	Dual Low-Power Operational Amplifier
LM285	Micropower Voltage Reference Diodes
LM2900	Quad Single-Supply Operational Amplifier
LM2901	Quad Single-Supply Comparators
LM2902	Quad Low-Power Operational Amplifier
LM2903	Dual Comparators
LM2904	Dual Low-Power Operational Amplifier
LM293,A	Dual Comparators
LM2931	Low Dropout Voltage Regulators
LM301A	General Purpose Adjustable Operational Amplifier
LM307	Internally Compensated Monolithic Operational Amplifier
LM308,A	Precision Operational Amplifiers
LM309	Positive Voltage Regulator
LM311	High Performance Voltage Comparator
LM317	3-Terminal Adjustable Positive Voltage Regulator
LM317L	Low-Current Adjustable Positive Voltage Regulator
LM317M	Medium-Current Adjustable Positive Voltage Regulator
LM323,A	3-Ampere, 5 Volt Positive Voltage Regulator
LM324,A	Quad Low-Power Operational Amplifier
LM337	3-Terminal Adjustable Negative Voltage Regulator
LM337M	Medium-Current Adjustable Negative Voltage Regulator
LM339,A	Quad Single-Supply Comparators
LM340,A	Three-Terminal Positive Fixed Voltage Regulators
LM348	Quad Operational Amplifier
LM350	3-Terminal Adjustable Positive Voltage Regulator
LM358	Dual Low-Power Operational Amplifier
LM385	Micropower Voltage Reference Diodes
LM3900	Quad Single-Supply Operational Amplifier
LM393,A	Dual Comparators
LM833	Dual, Low Noise, Audio Operational Amplifier
MA78S40	Universal Switching Regulator Subsystem
MAD1103P	16 Diode Array
MAD1107P	Dual 8 Diode Array
MAD1108P	18 Isolated Diode Array
MAD1109P	7 Isolated Diode Array
MAD130P	Dual 10 Diode Array
MC100E016	8-Bit Synch Binary Counter
MC100E101	Quad 4-input OR/NOR Gate
MC100E104	Quint 2-input AND/NAND Gate
MC100E107	Quint 2-input XOR/XNOR Gate
MC100E111	1:9 Differential Clock Driver
MC100E112	Quad Drive, Common Enable
MC100E116	Quint Diff Line Receiver
MC100E122	9-Bit Buffer
MC100E131	4-Bit D Flip-Flop
MC100E136	6-Bit Universal Counter
MC100E137	8-Bit Ripple Counter
MC100E141	8-Bit Universal Shift Register
MC100E142	9-Bit Shift Register
MC100E143	9-Bit Hold Register
MC100E150	6-Bit D latch
MC100E151	6-Bit D Register
MC100E154	5-Bit 2:1 Mux Latch
MC100E155	6-Bit 2:1 Mux latch
MC100E156	3-Bit 4:1 Mux Latch
MC100E157	Quad 2:1 Mux, Separate Selects
MC100E158	5-Bit 2:1 Multiplexer
MC100E160	12-Bit Parity Gen/Checker
MC100E163	2-Bit 8:1 Multiplexer
MC100E164	16:1 Multiplexer
MC100E166	9-Bit Magnitude Comparator
MC100E167	6-Bit 2:1 Mux Register
MC100E171	3-Bit 4:1 Multiplexer
MC100E175	9-Bit latch wI Parity Gen/Checker
MC100E193	8-Bit EDAC/Parity
MC100E195	Programmable Delay Chip
MC100E196	Programmable Delay Chip
MC100E210	Dual 1:4, 1:5 Differential Fanout Buffer
MC100E211	1:6 Differential Clock Distribution
MC100E212	3-Bit Scannable ECl Driver
MC100E241	8-Bit Scannable Register
MC100E256	3-Bit 4:1 Mux latch
MC100E310	2:8 Differential Fanout Buffer
MC100E336	3-Bit Registered Bus Transceiver
MC100E337	3-Bit Scannable Bus Transceiver
MC100E404	Quad High Freq Diff AND
MC100E416	Quint High Freq Line Receiver
MC100E431	3-Bit Diff Set/Reset Flip-Flop
MC100E445	1:4 Serial/Parallel Converter
MC100E446	4:1 Parallel/Serial Converter
MC100E451	6-Bit D Reg Diff D and Clk
MC100E452	5-Bit D Reg Diff D Clk and Q
MC100E457	Triple High Freq Diff 2:1 Mux
MC100EEL56	Dual Differential 2:1 Multiplexer
MC100EL04	2-input AND/NAND
MC100EL05	2-input Differential AND/NAND
MC100EL07	2-input XOR/XNOR
MC100EL11	1:2 Differential Fanout Buffer
MC100EL12	Low Impedance Driver
MC100EL13	Dual 1:3 Fanout Buffer
MC100EL14	1:5 Clock Distribution Chip
MC100EL15	1:4 Clock Distribution Chip
MC100EL16	Differential Line Receiver
MC100EL17	Quad Differential Receiver
MC100EL29	Dual Diff Data/Clock D Flip-Flop SR
MC100EL30	Triple D Flip-Flop With Set & Reset
MC100EL31	D Flip-Flop With Set and Reset
MC100EL32	Integrated +2 Divider, Diff Input
MC100EL33	Integrated ->4 Divider, Diff Input
MC100EL34	+2, +4, +8 Clock Generation Chip
MC100EL35	JK Flip-Flop
MC100EL38	+2, +4/6 Clock Generation Chip
MC100EL39	+2/4, +4/6 Clock Generation Chip
MC100EL51	D Flip-Flop w/Reset and Diff Clock
MC100EL58	2:1 Multiplexer
MC100EL59	Triple 2:1 Multiplexer
MC100EL90	Triple ECl to PECL Translator
MC100EL91	Triple PECL to ECl Translator
MC100ELO1	4-input OR/NOR
MC100ELT20	TTL to Differential PECL Translator
MC100ELT21	Differential PECL to Tll Translator
MC100ELT22	Dual TTL to Diff PECL Translator
MC100ELT23	Dual Diff PECL to TTL Translator
MC100ELT24	Dual TTL to Diff ECl Translator
MC100ELT25	Dual Diff ECl to TTL Translator
MC100ELT26	1:2 Fanout Diff PECL to TTL Trans
MC100ELT28	TTL to Diff PECUDiff PECL to TTL
MC100El52	D Flip-Flop w/Diff Data and Clock
MC100El57	4:1 Differential Multiplexer
MC100H600	9-Bit TTL/ECl Translator
MC100H601	9-Bit ECL/TTl Translator
MC100H602	9-Bit latch TTL/ECL Translator
MC100H603	9-Bit latch ECL/TTl Translator
MC100H604	Registered Hex TTL/ECL Translator
MC100H605	Registered Hex ECL/TTl Translator
MC100H606	Registered Hex TTL/ECL Translator
MC100H607	Registered Hex PECL/TTL Translator
MC100H640	680301040 PECL-TTL Clock Driver
MC100H641	Single Supply PECL-TTL 1:9 Clock Distribution Chip
MC100H642	680301040 PECL-TTL Clock Driver
MC100H643	Dual Supply ECL-TTL 1:8 Clock Driver
MC100H644	680301040 PECL-TTL Clock Driver
MC100H646	PECL/TTL-TTL 1:8 Clock Distribution Chip
MC100H660	4-Bit ECL/TTL Load Reducing DRAM Driver
MC100H680	4-Bit Differential ECL Bus/TTL Bus Transceiver
MC100H681	Hex ECL/TTL Transceiver with Latches
MC100LVE111	1:9 Differential Clock Driver
MC100LVE164	16:1 Multiplexer
MC100LVE210	Dual 1:4, 1:5 Differential Fanout Buffer
MC100LVE222	1:15 Diff ECL/PECL Clock Driver
MC100LVE310	2:8 Differential Fanout Buffer
MC100LVEL11	1:2 Differential Fanout Buffer
MC100LVEL13	Dual 1:3 Fanout Buffer
MC100LVEL14	1:5 Clock Distribution Chip
MC100LVEL16	Differential Receiver
MC100LVEL17	Quad Differential Receiver
MC100LVEL29	Dual Diff Data/Clock D Flip-Flop SR
MC100LVEL30	Triple D Flip-Flop With Set & Reset
MC100LVEL32	+2 Divider
MC100LVEL38	+2, +4/6 Clock Generation Chip
MC100LVEL39	+214, +4/6 Clock Generation Chip
MC100LVEL51	Differential Clock D Flip-Flop
MC100LVEL56	Dual Differential 2:1 Multiplexer
MC100LVEL59	Triple 2:1 Multiplexer
MC100LVEL90	Triple ECl to PECL Translator
MC100LVEL91	Triple PECL to ECL Translator
MC100LVEL92	Triple PECL to LVPECL Translator
MC10101	Quad OR/NOR Gate
MC10102	Quad 2-input NOR Gate
MC10103	Quad 2-input OR Gate
MC10104	Quad 2-input AND Gate
MC10105	Triple 2-3-2-input OR/NOR Gate
MC10106	Triple 4-3-3-input NOR Gate
MC10107	Triple 2-input Exclusive OR/1 Exclusive NOR Gate
MC10109	Dual 4-5-input OR/NOR Gate
MC10110	Dual 3-input/3-Output OR Gate
MC10111	Dual 3-input/3-Output NOR Gate
MC10113	Quad Exclusive OR Gate
MC10114	Triple Line Receiver
MC10115	Quad Line Receiver
MC10116	Triple Line Receiver
MC10117	Dual 2-Wide 2-3-input OR-AND/OR-AND Gate
MC10121	4-Wide OR-AND/OR-AND Gate
MC10123	Triple 4-3-3-input Bus Driver
MC10124	Quad TTL to MECL Translator
MC10125	Quad MECL to TTL Translator
MC10129	Quad Bus Receiver
MC10131	Dual Type D Master-Slave Flip-Flop
MC10133	Quad Latch
MC10134	Dual Multiplexer With Latch
MC10135	Dual J-K Master-Slave Flip-Flop
MC10136	Universal Hexadecimal Counter
MC10137	Universal Decade Counter
MC10138	Bi-Quinary Counter
MC1013P	AC Coupled J-K Flip-Flop (85 MHz typ)
MC10141	Four Bit Universal Shift Register
MC1014P	Dual R-S Flip-Flop (Positive Clock)
MC10153	Quad Latch
MC10154	Binary Counter
MC10158	Quad 2-input Multiplexer
MC10159	Quad 2-input Multiplexer
MC1015P	Dual R-S Flip-Flop (Negative Clock)
MC10160	12-Bit Parity Generator-Checker
MC10161	Binary to 1-8 Decoder (Low)
MC10162	Binary to 1-8 Decoder (High)
MC10164	8-Line Multiplexer
MC10165	8-input Priority Encoder
MC10166	5-Bit Magnitude Comparator
MC10168	Quad Latch
MC1016P	Dual A-S Flip-Flop (Single Rail)
MC10170	9+2-Bit Parity Generator! Checker
MC10171	Dual Binary to 1-4 Decoder (Low)
MC10172	Dual Binary to 1-4 Decoder (High)
MC10173	Quad 2-input Multiplexer/Latch
MC10174	Dual 4 to 1 Multiplexer
MC10175	Quint Latch
MC10176	Hex D Master/Slave Flip-Flop
MC10178	Binary Counter
MC1017P	Level Translator (Saturated Logic to MECL)
MC10181	4-Bit Arithmetic Logic UniV Function Generator
MC10186	Hex D Master-Slave Flip-Flop With Reset
MC10188	Hex Buffer With Enable
MC10189	Hex Inverter With Enable
MC1018P	Level Translator (MECL to Saturated Logic)
MC10192	Quad Bus Driver
MC10195	Hex Inverter/Buffer
MC10197	Hex AND Gate
MC10198	Monostable Multivibrator
MC1019P	Full Adder
MC1020P	Quad Line Receiver
MC10210	DuaI3-input/3-Output OR Gate
MC10211	DuaI3-input/3-Output NOR Gate
MC10212	High Speed Dual 3-input/3-Output OR/NOR Gate
MC10216	High Speed Triple Line Receiver
MC1021P	Full Subtractor
MC1022P	Type 0 Flip-Flop
MC10231	High Speed Dual Type D Master-Slave Flip-Flop
MC1023P	Dual 4-Input OR/NOR Clock Driver
MC1024P	Dual 2-Input Expandable Gate
MC1025P	Dual 4 and 5-Input Expander
MC1026P	Dual 3-4-Input Transmission Line and Clock Driver-
MC1027P	AC Coupled J·K Flip·Flop (120 MHz typ)
MC1028P	Dual 4-Channel Data Selector
MC1030P	Quad Exclusive OR Gate
MC10318CL6	High-Speed 8-Bit D/A Converter
MC10318CL7	High-Speed 8-Bit D/A Converter
MC10318L	High-Speed 8-Bit D/A Converter
MC10318L9	High-Speed 8-Bit D/A Converter
MC10319	High Speed 8-Bit Analog-to-Digital Flash Converter
MC1031P	Quad Exclusive NOR Gate
MC10320	Triple 4-Bit Color Palette Video DAC
MC10320-1	Triple 4-Bit Color Palette Video DAC
MC10321	High Speed 7-Bit A-to-D Flash Converter
MC1032P	100-MHz AC Coupled Dual J-K Flip-Flop .
MC1033P	Dual A-S Flip-Flop (Single Rail, Negative Clock)
MC1034P	Type D Flip-Flop
MC1035P	Triple Line Receiver
MC1036P	16-Bit Coincident Memory
MC1037P	16-Bit Coincident Memory w/o Pull-downs
MC1039P	Quad Level Translator (MECL to Saturated Logic)
MC1040P	Quad Latch
MC1045P	Decoder - Display Driver
MC1047P	Quad 2-Input AND Gates
MC1048P	Quad 2-Input NAND Gates
MC1059P	Dual Full Adder
MC1062P	Quad 2-Input NOR Gate
MC1063P	Quad 2-Input NOR Gate
MC1066P	Triple Line Receiver
MC1067P	Quad MTTL to MECL Translator With Strobe
MC1068P	Quad MECL to MTTL Translator With Totem-Pole Outputs
MC1070P	Quad Latch
MC10E016	8-Bit Synch Binary Counter
MC10E101	Quad 4-input OR/NOR Gate
MC10E104	Quint 2-input AND/NAND Gate
MC10E107	Quint 2-input XOR/XNOR Gate
MC10E111	1:9 Differential Clock Driver
MC10E112	Quad Drive, Common Enable
MC10E116	Quint Diff Line Receiver
MC10E122	9-Bit Buffer
MC10E131	4-Bit D Flip-Flop
MC10E136	6-Bit Universal Counter
MC10E137	8-Bit Ripple Counter
MC10E141	8-Bit Universal Shift Register
MC10E142	9-Bit Shift Register
MC10E143	9-Bit Hold Register
MC10E150	6-Bit D latch
MC10E151	6-Bit D Register
MC10E154	5-Bit 2:1 Mux Latch
MC10E155	6-Bit 2:1 Mux latch
MC10E156	3-Bit 4:1 Mux Latch
MC10E157	Quad 2:1 Mux, Separate Selects
MC10E158	5-Bit 2:1 Multiplexer
MC10E160	12-Bit Parity Gen/Checker
MC10E163	2-Bit 8:1 Multiplexer
MC10E164	16:1 Multiplexer
MC10E166	9-Bit Magnitude Comparator
MC10E167	6-Bit 2:1 Mux Register
MC10E171	3-Bit 4:1 Multiplexer
MC10E175	9-Bit latch wI Parity Gen/Checker
MC10E193	8-Bit EDAC/Parity
MC10E195	Programmable Delay Chip
MC10E196	Programmable Delay Chip
MC10E211	1:6 Differential Clock Distribution
MC10E212	3-Bit Scannable ECl Driver
MC10E241	8-Bit Scannable Register
MC10E256	3-Bit 4:1 Mux latch
MC10E336	3-Bit Registered Bus Transceiver
MC10E337	3-Bit Scannable Bus Transceiver
MC10E404	Quad High Freq Diff AND
MC10E411	1:9 Diff ECL/PECL RAMBus Clk Buffer
MC10E416	Quint High Freq Line Receiver
MC10E431	3-Bit Diff Set/Reset Flip-Flop
MC10E445	1:4 Serial/Parallel Converter
MC10E446	4:1 Parallel/Serial Converter
MC10E451	6-Bit D Reg Diff D and Clk
MC10E452	5-Bit D Reg Diff D Clk and Q
MC10E457	Triple High Freq Diff 2:1 Mux
MC10EEL56	Dual Differential 2:1 Multiplexer
MC10EI651	Dual Analog Comparator
MC10EI652	Dual Analog Comparator
MC10EI97	High Speed Data Separator
MC10EL04	2-input AND/NAND
MC10EL05	2-input Differential AND/NAND
MC10EL07	2-input XOR/XNOR
MC10EL11	1:2 Differential Fanout Buffer
MC10EL12	Low Impedance Driver
MC10EL15	1:4 Clock Distribution Chip
MC10EL16	Differential Line Receiver
MC10EL31	D Flip-Flop With Set and Reset
MC10EL32	Integrated +2 Divider, Diff Input
MC10EL33	Integrated ->4 Divider, Diff Input
MC10EL34	+2, +4, +8 Clock Generation Chip
MC10EL35	JK Flip-Flop
MC10EL51	D Flip-Flop w/Reset and Diff Clock
MC10EL58	2:1 Multiplexer
MC10EL89	Coaxial Cable Driver
MC10EL90	Triple ECl to PECL Translator
MC10EL91	Triple PECL to ECl Translator
MC10ELO1	4-input OR/NOR
MC10ELT20	TTL to Differential PECL Translator
MC10ELT21	Differential PECL to Tll Translator
MC10ELT22	Dual TTL to Diff PECL Translator
MC10ELT24	Dual TTL to Diff ECl Translator
MC10ELT25	Dual Diff ECl to TTL Translator
MC10ELT26	1:2 Fanout Diff PECL to TTL Trans
MC10ELT28	TTL to Diff PECUDiff PECL to TTL
MC10El52	D Flip-Flop w/Diff Data and Clock
MC10El57	4:1 Differential Multiplexer
MC10H016	4-Bit Binary Counter
MC10H100	Quad 2-input NOR Gate With Strobe
MC10H101	Quad OR/NOR Gate
MC10H102	Quad 2-input NOR Gate
MC10H103	Quad 2-input OR Gate
MC10H104	Quad 2-input AND Gate
MC10H105	Triple 2-3-2-input OR/NOR Gate
MC10H106	Triple 4-3-3-input NOR Gate
MC10H107	Triple 2-input Exclusive OR/Exclusive NOR Gate
MC10H109	Dual 4-5-input OR/NOR Gate
MC10H113	Quad Exclusive OR Gate
MC10H115	Quad Line Receiver
MC10H116	Triple Line Receiver
MC10H117	Dual 2-Wide 2-3-input OR-AND/OR-AND Gate
MC10H121	4-Wide OR-AND/OR-AND Gate
MC10H123	Triple 4-3-3-input Bus Driver
MC10H124	Quad TTL-to-MECL Translator With TTL Strobe Input
MC10H125	Quad MECL-to-TTL Translator
MC10H130	Dual Latch
MC10H131	Dual D Type Master-Slave Flip-Flop
MC10H135	Dual J-K Master-8lave Flip-Flop
MC10H136	Universal Hexadecimal Counter
MC10H141	Four-Bit Universal Shift Register
MC10H145	16 x 4 Bit Register File (RAM)
MC10H158	Quad 2-input Multiplexer
MC10H159	Quad 2-input Multiplexer
MC10H160	12-Bit Parity Generator-Checker
MC10H161	Binary to 1-8 Decoder (Low)
MC10H162	Binary to 1-8 Decoder (High)
MC10H164	8-Line Multiplexer
MC10H165	8-input Priority Encoder
MC10H166	5-Bit Magnitude Comparator
MC10H171	Dual Binary to 1-4 Decoder (low)
MC10H172	Dual Binary to 1-4-Decoder (High)
MC10H173	Quad 2-input Multiplexer/latch
MC10H174	Dual 4 to 1 Multiplexer
MC10H175	Qunit latch
MC10H176	Hex D Master-Slave Flip-Flop
MC10H179	Look-Ahead Carry Block
MC10H180	Dual 2-Bit Adder/Subtractor
MC10H181	4-Bit Arithmetic logic Unit! Function Generator
MC10H186	Hex D Master-8lave Flip-Flop with Reset
MC10H188	Hex Buffer with Enable
MC10H189	Hex Inverter with Enable
MC10H209	Dual 4-5-input OR/NOR Gate
MC10H210	Dual 3-input 3-Output OR Gate
MC10H211	Dual 3-input 3-Output NOR Gate
MC10H330	Quad Bus Driver/Receiver with 2-t0-1 Output Multiplexers
MC10H332	Dual Bus Driver/Receiver with 4-t0-1 Output Multiplexers
MC10H334	Quad Bus Driver/Receiver with Transmit and Receiver latches
MC10H350	PECL* to TTL Translator
MC10H351	Quad TTL/NMOS to PECL* Translator
MC10H352	Quad CMOS to PECL* Translator
MC10H424	Quad TTL to ECl Translator with ECl Strobe
MC10H600	9-Bit TTL/ECl Translator
MC10H601	9-Bit ECL/TTl Translator
MC10H602	9-Bit latch TTL/ECL Translator
MC10H603	9-Bit latch ECL/TTl Translator
MC10H604	Registered Hex TTL/ECL Translator
MC10H605	Registered Hex ECL/TTl Translator
MC10H606	Registered Hex TTL/ECL Translator
MC10H607	Registered Hex PECL/TTL Translator
MC10H640	680301040 PECL-TTL Clock Driver
MC10H641	Single Supply PECL-TTL 1:9 Clock Distribution Chip
MC10H642	680301040 PECL-TTL Clock Driver
MC10H643	Dual Supply ECL-TTL 1:8 Clock Driver
MC10H644	680301040 PECL-TTL Clock Driver
MC10H645	1:9 TTL Clock Driver
MC10H646	PECL/TTL-TTL 1:8 Clock Distribution Chip
MC10H660	4-Bit ECL/TTL Load Reducing DRAM Driver
MC10H680	4-Bit Differential ECL Bus/TTL Bus Transceiver
MC10H681	Hex ECL/TTL Transceiver with Latches
MC1212F,L/MC1Q12P	Quad 2-Input Gate, 4 NOR Outputs w/o Pulldowns
MC1213F,L	AC Coupled J-K Flip-Flop (85 MHz typ)
MC1214F,L	Dual R-S Flip-Flop (Positive Clock)
MC1215F,L	Dual R-S Flip-Flop (Negative Clock)
MC1216F,L	Dual A-S Flip-Flop (Single Rail)
MC1217	Level Translator (Saturated Logic to MECL)
MC1217F,L	Level Translator (Saturated Logic to MECL)
MC1218F,L	Level Translator (MECL to Saturated Logic)
MC1219F,L	Full Adder
MC1221F,L	Full Subtractor
MC1222F,L	Type 0 Flip-Flop
MC1223F,L	Dual 4-Input OR/NOR Clock Driver
MC1224L	Dual 2-Input Expandable Gate
MC1225F,L	Dual 4 and 5-Input Expander
MC1226F,L	Dual 3-4-Input Transmission Line and Clock Driver-
MC1227F,L	AC Coupled J·K Flip·Flop (120 MHz typ)
MC1228F,L	Dual 4-Channel Data Selector
MC1230F,L	Quad Exclusive OR Gate
MC1231F,L	Quad Exclusive NOR Gate
MC1232F,L	100-MHz AC Coupled Dual J-K Flip-Flop .
MC1233F,L	Dual A-S Flip-Flop (Single Rail, Negative Clock)
MC1234F,L	Type D Flip-Flop
MC1235F,L	Triple Line Receiver
MC1236F,L	16-Bit Coincident Memory
MC1237F,L	16-Bit Coincident Memory w/o Pulldowns
MC1239F,L	Quad Level Translator (MECL to Saturated Logic)
MC1240F,L	Quad Latch
MC1245F,L	Decoder - Display Driver
MC1247F,L	Quad 2-Input AND Gates
MC1248F,L	Quad 2-Input NAND Gates
MC1259F,L	Dual Full Adder
MC1262F,L	Quad 2-Input NOR Gate
MC1263L	Quad 2-Input NOR Gate
MC1266F,L	Triple Line Receiver
MC1267F,L	Quad MTTL to MECL Translator With Strobe
MC1268F,L	Quad MECL to MTTL Translator With Totem-Pole Outputs
MC1270F,L	Quad Latch
MC13001XP	Monomax Black-and-White TV Subsystem
MC13002XP	Monomax Black-and-White TV  Subsystem
MC13010P	TV Parallel Sound IF and AFT
MC13014P	Companion Audio/Vertical Subsystem
MC1302	7-Stage Divider
MC13020P	C-QUAM® AM Stereo Decoder
MC13021	Motorola C-QUAM® AM Stereo Tuning Stabilizer
MC13022	Advanced Medium Voltage AM Stereo Decoder
MC13023	AM Stereo Front End and Tuner Stabilizer
MC13024	Low Voltage Motorola C-QUAM® AM Stereo Receiver
MC1303	Dual Stereo Preamplifier
MC13041	AM Receiver Subsystem
MC13055	Wideband FSK Receiver
MC1306	1/2-Watt Audio Amplifier
MC13060	Mini-Watt Audio Output
MC1310	FM Stereo Demodulator
MC13109	Universal Cordless Telephone Subsystem IC
MC13110	Universal Cordless Telephone Subsystem IC with Scrambler
MC1312	Four-Channel SQ Decoder
MC13135	FM Communications Receiver
MC13136	FM Communications Receiver
MC1314	Four-Channel Audio Voltage-Controlled Amplifier
MC13141	Low Power DC - 1.8 GHz LNA and Mixer
MC13142	Low Power DC - 1.8 GHz LNA, Mixer and VCO
MC13143	Ultra Low Power DC - 2.4 GHz Linera Mixer
MC1315	Four-Channel Audio Logic Circuit
MC13150	Narrowband FM Coil-less Detector IF Subsystem
MC13155	Wideband FM IF
MC13156	Wideband FM IF System
MC13158	Wideband FM IFSystem
MC13173	Infrared Integrated Transceiver IC
MC13175	UHF FM/AM Transmitter
MC13176	UHF FM/AM Transmitter
MC1323	Triple Doubly Balanced Chroma Demodulator
MC1324	Dual Doubly Balanced Chroma Demodulator
MC1327	Dual Doubly Balanced Chroma Demodulator
MC1330A	Low-Level Video Detector
MC1330A1P	Low-Level Video Detector
MC1330A2P	Low-Level Video Detector
MC1331	Lo~-Level Video Detector
MC1344	TV Signal Processor
MC1349	IF Amplifier
MC1350	IF Amplifier
MC1351	TV Sound Circuit
MC1352	TV Video IF Amplifier
MC1355	Limiting FM IF Amplifier
MC1356	FM Detector/Limiter
MC1357	IF Amplifier and Quadrature Detector
MC1358	TV Sound IF Amplifier
MC1364	Automatic Frequency Control
MC1374	TV Modulator Circuit
MC1375	FM IF Circuit
MC1377	Color Television RGB to PAL/NTSC Encoder
MC1378	Complete Color TV Video Overlay Synchronizer
MC1384	5-Wat~ Audio Power Amplifier
MC1385	Class B Audio Driver
MC1391	TV Horizontal Processor
MC1393	TV Vertical Processor
MC1394	TV Horizontal I Processor
MC1398	TV Color Processing Circuit
MC1399	TV Color Processing Circuit
MC14000UB	Dual 3-input NOR Gate Plus Inverter
MC14001B	Quad 2-input NOR Gate
MC14001UB	Quad 2-input NOR Gate
MC14002B	Dual 4-input NOR Gate
MC14002UB	Dual 4-input NOR Gate
MC14006B	18-Bit Static Shift Register
MC14007UB	Dual Complementary Pair Plus Inverter
MC14008B	4-Bit Full Adder
MC14011B	Quad 2-input NAND Gate
MC14011UB	Quad 2-input NAND Gate
MC14012B	Dual 4-input NAND Gate
MC14012UB	Dual 4-input NAND Gate
MC14013B	Dual D Flip-Flop
MC14014B	8-Bit Static Shift Register
MC14015B	Dual 4-Bit Static Shift Register
MC14016B	Quad Analog Switch/Multiplexer
MC14017B	Decade Counter
MC14018B	Presettable Divide-by-N Counter
MC14020B	14-Bit Binary Counter
MC14021B	8-Bit Static Shift Register
MC14022B	Octal Counter
MC14023B	Triple 3-input NAND Gate
MC14023UB	Triple 3-input NAND Gate
MC14024B	7-Stage Ripple Counter
MC14025B	Triple 3-input NOR Gate
MC14025UB	Triple 3-input NOR Gate
MC14027B	Dual J-K Flip-Flop
MC14028B	BCD-to-Decimal/Binary-to-Octal Decoder		16
MC14029B	Presettable Binary/BCD Up/Down Counter
MC1403,A	Precision Low-Voltage Reference
MC14032B	Triple Serial Adder (Positive Logic)
MC14034B	8-Bit Universal Bus Register
MC14035B	4-Bit Shift Register
MC14038B	Triple Serial Adder (Negative Logic)
MC1403A	Precision Low-Voltage Reference
MC1404,A	Precision Low-Drift Voltage Reference
MC14040B	12-Bit Binary Counter
MC14042B	Quad Transparent Latch
MC14043B	Quad NOR R-S Latch
MC14044B	Quad NAND R-S Latch
MC14046B	Phase-Locked Loop
MC14049UB	Hex Inverting Buffer
MC1405	Analog-to-Digital Converter Subsystem
MC14050B	Hex Noninverting Buffer
MC14051B	8-Channel Analog Multiplexer/Demultiplexer
MC14052B	Dual 4-Channel Analog Multiplexer/Demultiplexer
MC14053B	Triple 2-Channel Analog Multiplexer/Demultiplexer
MC1406	Six-Bit Multiplying Digital-to-Analog Converter
MC14060B	14-Bit Binary Counter and Oscillator
MC14066B	Quad Analog Switch/Multiplexer
MC14067B	16-Channel Analog Multiplexer/Demultiplexer
MC14068B	8-input NAND Gate
MC14069UB	Hex Inverter
MC14070B	Quad Exclusive OR Gate
MC14071B	Quad 2-input OR Gate
MC14072B	Dual 4-input OR Gate
MC14073B	Triple 3-input AND Gate
MC14075B	Triple 3-input OR Gate
MC14076B	Quad D-Type Register with Tri-State Outputs
MC14077B	Quad Exclusive NOR Gate
MC14078B	8-input NOR Gate
MC1408	8-Bit Multiplying Digital-to-Analog Converter
MC14081B	Quad 2-input AND Gate
MC14082B	Dual 4-input AND Gate
MC14093B	Quad 2-input NAND Schmitt Trigger
MC14094B	8-Stage Shift/Store Register with Tri-State Outputs
MC14097B	Dual 8-Channel Analog Multiplexer/Demultiplexer
MC14099B	8-Bit Addressable Latch
MC1410	Video Amplifier
MC14106B	Hex Schmitt Trigger
MC1411	Peripheral Driver Array
MC1412	Peripheral Driver Array
MC1413	Peripheral Driver Array
MC1414	Dual Differential Voltage Comparator
MC1416	Peripheral Driver Array
MC14160B	Synchronous Presettable BCD Counter
MC14161B	Synchronous Presettable 4-Bit Binary Counter
MC14162B	Synchronous Presettable BCD Counter
MC14163B	Synchronous Presettable 4-Bit Binary Counter
MC14174B	Hex 0 Flip-Flop
MC14175B	Quad 0 Flip-Flop
MC14194B	4-Bit Universal Shift Register
MC1420	Differential Output Operational Amplifier
MC1422	Timing Circuit with Adjustable Threshold
MC1430	Operational Amplifier
MC1431	Operational Amplifier
MC1433	Operational Amplifier
MC1435	Dual Operational Amplifier
MC1436,C	High-Voltage Operational Amplifier
MC1436C	High Voltage Operational Amplifier
MC1437	Dual Operational Amplifier
MC1438	Power Booster
MC1439	High-Slew-Rate Operational Amplifier
MC1440	Core-Memory Sense Amplifier
MC144110	Hex D/A Converter with Serial Interface
MC144111	Quad D/A Converter with Serial Interface
MC14415	Quad Precision Timer/Driver
MC14422	Remote Control Transmitter (Product Cancelled)
MC14433	3% Digit NO Converter
MC14435	3% Digit NO Logic Subsystem (Product Cancelled)
MC1444	AC-Coupled 4-Channel Sense Amplifier
MC14442	Microprocessor-Compatible NO Converter
MC14443	6-Channel NO Converter Subsystem
MC14444	Microprocessor-Compatible AID Converter
MC14447	6-Channel AID Converter Subsystem
MC1445	Wideband Amplifier
MC14457	Remote Control Transmitter
MC14458	Remote Control Receiver
MC14460	Automotive Speed Control Processor
MC14461	Smoke Detector Circuit (Product Cancelled)
MC14462	Smoke Detector Circuit (Product Cancelled)
MC14464	Smoke Detector Circuit (Product Cancelled)
MC14465	Smoke Detector Circuit (Product Cancelled)
MC14466	Low Cost Smoke Detector
MC14467-1	Low Cost Smoke Detector
MC14468	Interconnectable Smoke Detector
MC14469	Addressable Asynchronous Receiver/Transmitter
MC14489	Multi-Character LED Display/Lamp Driver
MC14490	Hex Contact Bounce Eliminator
MC14495-1	Hexadecimal-to-7 Segment Latch/Decoder ROM/Driver
MC14497	PCM Remote Control Transmitter
MC14499	7-Segment LED Display Decoder/Driver with Serial Interface
MC145000	48-Segment Multiplexed LCD Driver (Master)
MC145001	44-Segment Multiplexed LCD Driver (Slave)
MC14500B	Industrial Control Unit
MC14501UB	Triple Gate
MC145026	Remote Control Encoder
MC145027	Remote Control Decoder
MC145028	Remote Control Decoder
MC145029	Remote Control Decoder
MC14502B	Strobed Hex Inverter/Buffer
MC14503B	Hex 3-State Buffer
MC145040	Analog-to-Digital Converter with Serial Interface
MC145041	Analog-to-Digital Converter with Serial Interface
MC14504B	TTL or CMOS to CMOS Hex Level Shifter
MC145053D	10-Bit A/D Converter with Serial Interface	SOG,SMD,751A	14
MC14506B	Dual Expandable AOI Gate (Superseded by 14506UB)
MC14506UB	Dual Expandable AOI Gate
MC14508B	Dual 4-Bit Latch
MC145104	PLL Frequency Synthesizer (Not Recommended for New Designs)
MC145106	PLL Frequency Synthesizer
MC145107	PLL Frequency Synthesizer (Not Recommended for New Designs)
MC145109	PLL Frequency Synthesizer (Not Recommended for New Designs)
MC14510B	Presettable BCD Up/Down Counter
MC145112	PLL Frequency Synthesizer (Not Recommended for New Designs)
MC14511B	BCD-to-7 -Segment Latch/Decoder/Driver
MC14512B	8-Channel Data Selector
MC14513B	BCD-to-7-Segment Latch/Decoder/Driver with Ripple Blanking
MC145143	PLL Frequency Synthesizer (Not Recommended for New Designs)
MC145144	4-Bit Data Bus Input PLL Frequency Synthesizer (Not Recommended for New Designs)
MC145145-1	4-Bit Data Bus Input PLL Frequency Synthesizer
MC145145-2	4-Bit Data Bus Input PLL Frequency Synthesizer
MC145146-1	4-Bit Data Bus Input PLL Frequency Synthesizer
MC145146-2	4-Bit Data Bus Input PLL Frequency Synthesizer
MC145149	Dual PLL Frequency Synthesizer
MC14514B	4-Bit Transparent Latch/4-to-16 Line Decoder (High)
MC145151-1	Parallel Input PLL Frequency Synthesizer
MC145151-2	Parallel-Input PLL Frequency Synthesizer (Single-Modulus Prescalers)
MC145152-1	Parallel Input PLL Frequency Synthesizer
MC145152-2	Parallel-Input PLL Frequency Synthesizer (Dual-Modulus Prescalers)
MC145155-1	Serial Input PLL Frequency Synthesizer
MC145155-2	Serial-Input PLL Frequency Synthesizer (Single-Modulus Prescalers)
MC145156-1	Serial Input PLL Frequency Synthesizer
MC145156-2	Serial-Input PLL Frequency Synthesizer (Dual-Modulus Prescalers)
MC145157-1	Serial Input PLL Frequency Synthesizer
MC145157-2	Serial-Input PLL Frequency Synthesizer (Single-Modulus Prescalers)
MC145158-1	Serial Input PLL Frequency Synthesizer
MC145158-2	Serial-Input PLL Frequency Synthesizer (Dual-Modulus Prescalers)
MC145159-1	Serial Input PLL Frequency Synthesizer with Analog Phase Detector
MC14515B	4-Bit Transparent Latch/4-to-16 Line Decoder (Low)
MC145162	60 MHz Universal Programmable Dual PLL Frequency Synthesizer
MC145162-1	85 MHz Universal Programmable Dual PLL Frequency Synthesizer
MC145165	Low-Voltage 60 MHz Universal Programmable Dual PLL Frequency Synthesizer
MC145166	Dual PLL for 46/49 MHz Cordless Telephones
MC145167	Dual PLL for 46/49 MHz Cordless Telephones
MC145168	Dual PLL for 46/49 MHz Cordless Telephones
MC145169	Dual PLL for 46/49 MHz Cordless Telephones
MC14516B	Presettable Binary Up/Down Counter
MC145170	PLL Frequency Synthesizer with Serial Interface
MC145170-1	PLL Frequency Synthesizer with Serial Interface
MC145173	Dual-Band PLL Frequency Synthesizer with ADC and Frequency Counter
MC14517B	Dual 64-Bit Static Shift Register
MC14518B	Dual BCD Up Counter
MC145190	1.1 GHz PLL Frequency Synthesizer
MC145191	1.1 GHz PLL Frequency Synthesizer
MC145192	Low Voltage 1.1 GHz PLL Frequency Synthesizer
MC14519B	4-Bit AND/OR Selector
MC145200	2.0 GHz PLL Frequency Synthesizer
MC145201	2.0 GHz PLL Frequency Synthesizer
MC145202	Low-Voltage 2.0 GHz PLL Frequency Synthesizer
MC14520B	Dual Binary Up Counter
MC14521B	24-Stage Frequency Divider
MC145220	Dual 1.1 GHz PLL Frequency Synthesizer
MC14522B	Presettable BCD Down Counter
MC14526B	Presettable 4-Bit Binary Down Counter
MC14527B	BCD Rate Multiplier
MC14528B	Dual Monostable Multivibrator (Not Recommended for New Designs)
MC14529B	Dual 4-Channel Analog Data Selector
MC14530B	Dual 5-input Majority Logic Gate
MC14531B	12-Bit Parity Tree
MC14532B	8-Bit Priority Encoder
MC14534B	5 Cascaded BCD Counters
MC14536B	Programmable Timer
MC14538B	Dual Precision Monostable Multivibrator
MC14539B	Dual 4-Channel Data Selector/Multiplexer
MC1454	1-Watt Power Amplifier
MC145402	Serial 13-Bit Linear Codec (AID and D/A)
MC145403	EIA-2321V.28 Driver/Receiver (3 x 5)
MC145404	EIA-2321V.28 Drivers/Receivers (4 x 4)
MC145405	EIA-2321V.28 Drivers/Receivers (5 x 3)
MC145406	EIA-2321V.28 Driver/Receiver (3 x 3)
MC145407	EIA-2321V.28 5 V Only Driver/Receiver (3 x 3)
MC145408	EIA-2321V.28 Drivers/Receivers (5 x 5)
MC14541B	Programmable Oscillator/Timer
MC145421	ISDN Universal Digital Loop Transceiver II
MC145422	Universal Digital Loop Transceiver
MC145425	ISDN Universal Digital Loop Transceiver II
MC145426	Universal Digital Loop Transceiver
MC145436A	Low-Power Dual Tone Multiple Frequency Receiver
MC14543B	BCD-to-7-Segment Latch/Decoder/Driver for Liquid Crystals
MC145442	Single-Chip 300-Baud Modem
MC145443	Single-Chip 300-Baud Modem
MC145444	Single-Chip 300-Baud Modem
MC145446A	Single-Chip 300-Baud Modem
MC145447	Calling Line ID (CUD) Receiver with Ring Detector
MC14544B	BCD-to-7-Segment Latch/Decoder/Driver with Ripple Blanking
MC145453	33-Segment LCD Driver with Serial Interface
MC145472	U-Interface Transceiver
MC145474	ISDN SIT-Interface Transceiver
MC145475	ISDN SIT-Interface Transceiver
MC14547B	High-Current BCD-to-7-Segment Decoder/Driver
MC145480	5 V PCM Codec-Filter
MC145481	3 V PCM Codec-Filter ........................ :
MC145488	Dual Data Link Controller
MC14548B	Dual Monostable Multivibrator (Retriggerable/Resettable)
MC14549B	Successive Approximation Registers
MC1454G	1-Watt Power Amplifier
MC1455	Timing Circuit
MC145500	Codec-Filter Mono-Circuit (16-Pin)
MC145501	Codec-Filter Mono-Circuit (18-Pin)
MC145502	Codec-Filter Mono-Circuit (22-Pin)
MC145503	Codec-Filter Mono-Circuit (16-Pin)
MC145505	Codec-Filter Mono-Circuit (16-Pin)
MC14551B	Quad 2-Channel Analog Multiplexer/Demultiplexer
MC145532	ADPCM Transcoder
MC14553B	3-Digit BCD Counter
MC145540	ADPCM Codec
MC145541	2 V ADPCM Codec
MC14554B	2 x 2-Bit Parallel Binary Multiplier
MC145554	PCM Codec-Filter (16--Pin)
MC145557	PCM Codec-Filter (16--Pin)
MC14555B	Dual Binary to 1-01-4 Decoder (Active High Outputs)
MC145564	PCM Codec-Filter (20-Pin)
MC145567	PCM Codec-Filter (20-Pin)
MC14556B	Dual Binary to 1-01-4 Decoder (Active Low Outputs)
MC145572	ISDN U-Interface Transceiver II
MC145574	ISDN Interface Transceiver
MC14557B	1-to-64 Bit Variable Length Shift Register
MC145583	3.3 V Only Driver/Receiver with an Integrated Standby Mode
MC14558B	BCD-to-7-Segment Decoder
MC14559B	Successive Approximation Registers
MC1456,C	High-Performance Operational Amplifier
MC14560B	NBCD Adder
MC14561B	9's Complementer
MC14562B	128-Bit Static Shift Register
MC14566B	Industrial Time Base Generator
MC14568B	Phase Comparator and Programmable Counters
MC14569B	Programmable Dual 4-Bit Binary/BCD Down Counter
MC1456C	High Performance Operational Amplifier
MC145705	5 V Only Driver/Receiver w/integrated Standby Mode (2 x 3)
MC145706	EIA-232IV.28 5 V Only Driver/Receiver w/integrated Standby Mode (3 x 2)
MC145707	EIA-232IV.28 5 V Only Driver/Receiver w/integrated Standby Mode (3 x 3)
MC14572UB	Hex Gate
MC14573	Quad Programmable Op Amp
MC14574	Quad Programmable Comparator
MC14575	Programmable Dual Op Amp/Dual Comparator
MC145750	QPSK Encoder
MC1458,C	Dual Operational Amplifier
MC14580B	4 x 4 Multiport Register
MC14581B	4-Bit Arithmetic Logic Unit
MC14582B	Look-Ahead Carry Block
MC14583B	Dual Schmitt Trigger
MC14584B	Hex Schmitt Trigger
MC14585B	4-Bit Magnitude Comparator
MC1458C	Dual Operational Amplifier
MC1458N	Low Noise Dual Operational Amplifier
MC1458S	High-Slew-Rate Dual Operational Amplifier
MC14597B	8-Bit Bus-Compatible Counter Latch
MC14598B	8-Bit Bus-Compatible Addressable Latch
MC14599B	8-Bit Addressable Latch
MC1460	Positive Voltage Regulator
MC1461	Positive Voltage Regulator
MC1463	Adjustable Negative Voltage Regulator
MC1464	NPN Power Darlington Driver
MC1466	Voltage and Current Regulator
MC1466L	Voltage and Current Regulator
MC1468	Dual ±15-Volt Tracking Regulator
MC1469	Adjustable Positive Voltage Regulator
MC1472	Dual Peripheral Positive NANO Driver
MC1488	Quad MDTL Line Driver
MC1489,A	Quad MDTL Line Receiver
MC1489A	Quad MDTL Line Receiver
MC1490P	Wideband Amplifier with AGC
MC1494	Four-Quadrant Multiplier
MC1494L	Four-Quadrant Multiplier
MC1495	Four-Quadrant Multiplier
MC1495L	Four-Quadrant Multiplier
MC1496	Balanced Modulator-Demodulator
MC14C88B	EIA-232/EIA-562N.28 Quad Low Power Driver
MC14C89B	EIA-232/EIA-562N.28 Quad Low Power Receivers
MC14LC5472	Low Power U-Interface Transceiver
MC14LC5540	ADPCM Codec
MC1503,A	Precision Low-Voltage Reference
MC1504	Precision Low-Drift Voltage Reference
MC1505	Analog-to-Digital Converter Subsystem
MC1506	Six-Bit Multiplying Digital-to-Analog Converter
MC1508	8-Bit Multiplying Digital-to-Analog Converter
MC1510	Video Amplifier
MC1514	Dual Differential Voltage Comparator
MC1520	Differential Output Operational Amplifier
MC1530	Operational Amplifier
MC1531	Operational Amplifier
MC1533	Operational Amplifier
MC1535	Dual Operational Amplifier
MC1536	High-Voltage Operational Amplifiers
MC1537	Dual Operational Amplifier
MC1538	Power Booster
MC1539	High-Slew-Rate Operational Amplifier
MC1540	Core-Memory Sense Amplifier
MC1544	AC-Coupled 4-Channel Sense Amplifier
MC1545	Wideband Amplifier
MC1550	RF-IF Amplifier
MC1552	Video Amplifier
MC1553	Video Amplifier
MC1554	1-Watt Power Amplifier
MC1554G	1-Watt Power Amplifier
MC1555	Timing Circuit
MC1556	High-Performance Operational Amplifier
MC1558	Dual Operational Amplifier
MC1558N	Low Noise Dual Operational Amplifier
MC1558S	High-Slew-Rate Dual Operational Amplifier
MC1560	Positive Voltage Regulator
MC1561	Positive Voltage Regulator
MC1563	Adjustable Negative Voltage Regulator
MC1566	Voltage and Current Regulator
MC1568	Dual ± 15-Volt Tracking Regulator
MC1569	Adjustable Positive Voltage Regulator
MC1590	Wideband Amplifier with AGC
MC1590G	Wideband Amplifier with AGC
MC1594	Fem-Quadrant Multiplier
MC1594L	Four-Quadrant Multiplier
MC1595	Four-Quadrant Multiplier
MC1595L	Four-Quadrant Multiplier
MC1596	Balanced Modulator-Demodulator
MC1648	Voltage Controlled Oscillator
MC1650/MC1651	Dual AID Converter
MC1658	Voltage Controlled Multivibrator
MC1660	Dual 4-input OR/NOR Gate
MC1662	Quad 2-input NOR Gate
MC1670	Master-Slave Flip-Flop
MC1692	Quad Line Receiver
MC1709,A,C	General-Purpose Operational Amplifier
MC1710	Differential Comparator
MC1710C	Differential Comparator
MC1711	Dual Differential Comparator
MC1711C	Dual Differential Comparator
MC1712	Wideband DC Amplifier
MC1712C,CL	Wideband DC Amplifier
MC1723,C	Adjustable Positive or Negative Voltage Regulator
MC1723C	Adjustable Positive or Negative Voltage Regulator
MC1733,C	Differential Video Amplifier
MC1741,C	General-Purpose Operational Amplifier
MC1741C	General-Purpose Operational Amplifier
MC1741N	Low Noise Operational Amplifier
MC1741NC	Low Noise Operational Amplifier
MC1741S,SC	High-Slew-Rate Operatio·nal Amplifier
MC1747,C	Dual MC1741 Operational Amplifier
MC1748,C	General-Purpose Operational Amplifier
MC1776,C	Programmable Operational Amplifier
# MTTL II (2000, 2100 series)
MC2000,MC2050,MC2100,MC2150	Expandable 2 Wide 4-Input AND-OR-INVERT Gate		14
MC2001,MC2051,MC2101,MC2151	Quad 2-Input NAND Gate		14
MC2002,MC2052,MC2102,MC2152	4-Wide 3-2-2-3 Input Expander for AND-OR-INVERT Gates		14
MC2003,MC2053,MC2103,MC2153	Dual 4-Input NAND Gate		14
MC2004,MC2054,MC2104,MC2154	Expandable 4-Wide 2-2-2-3 Input AND-OR-INVERT Gate		14
MC2005,MC2055,MC2105,MC2155	8-Input NAND Gate		14
MC2006,MC2056,MC2106,MC2156	Dual 4-Input Expander for AND-OR-INVERT Gates		14
MC2007,MC2057,MC2107,MC2157	Triple 3-Input NAND Gate		14
MC2011,MC2061,MC2111,MC2161	Expandable 8-Input NAND Gate		14
MC2012,MC2062,MC2112,MC2162	Expandable 3-Wide 3-Input AND-OR-INVERT Gate		14
MC2013,MC2063,MC2113,MC2163	Expandable Dual 2-Wide 2-Input AND-OR-INVERT Gate		14
MC2065,MC2165	Quad 2-input Lamp/Line Driver		14
MC2016,MC2066,MC2116,MC2166	Hex Inverter		14
MC2023,MC2073,MC2123,MC2173	Dual J-K Flip-Flop (separate clock)		14
MC2024,MC2074,MC2124,MC2174	Dual J-K Flip-Flop (common clock)		14
MC2025,MC2075,MC2125,MC2175	AND J-K Flip-Flop		14
MC2026,MC2076,MC2126,MC2176	OR J-K Flip-Flop		14
MC2028,MC2078,MC2128,MC2178	OR J-K Flip-Flop		14
# 2600 series
MC26C31	EIA-422-A Quad Line Driver
MC26C32	EIA-422-A Quad Line Receiver
MC26S10	Quad Open-Collector Bus Transceiver
MC26S11	(See XC26S 11) Quad Open-Collector Bus Transceiver#
# 2800 series
MC2831A	Low Power FM Transmitter System
MC2833	Low Power FM Transmitter System
# 3000 series / 3100 series
MC3000,MC3100	Quad 2-Input NAND Gate
MC3001,MC3101	Quad 2-Input AND Gate
MC3002,MC3102	Quad 2-Input NOR Gate
MC3003,MC3103	Quad 2-Input OR Gate
MC3004,MC3104	Quad 2-Input NAND Gate (Open Collector)
MC3005,MC3105	Triple 3-Input NAND Gate
MC3006,MC3106	Triple 3-Input AND Gate
MC3007,MC3107	Triple 3-Input NAND Gate (Open Collector)
MC3008,MC3108	Hex Inverter
MC3009,MC3109	Hex Inverter
MC3010,MC3110	Dual 4-Input NAND Gate
MC3011,MC3111	Dual 4-Input AND Gate
MC3012,MC3112	Dual 4-Input NAND Gate (Open Collector)
MC3015,MC3115	8-Input NAND Gate
MC3016,MC3116	8-Input NAND Gate
MC3018,MC3118	4-Wide 3-2-2-3 Input Expander For AOI Gates
MC3019,MC3119	Triple 3-Input Expander For AND-OR Gates
MC3020,MC3120	Expandable Dual 2-Wide 2-Input AND-OR-INVERT Gate
MC3021,MC3121	Quad 2-Input XOR Gate
MC3022,MC3122	Quad 2-Input XNOR Gate
MC3023,MC3123	Dual 2-Wide 2-Input AND-OR-INVERT Gate
MC3024,MC3124	Dual 4-Input NAND Buffer Gate
MC3025,MC3125	Dual 4-Input NAND Power Gate
MC3026,MC3126	Dual 4-Input AND Power Gate
MC3028,MC3128	Dual 3-Input 3-Output AND Series Terminated Line Driver
MC3029,MC3129	Dual 3-Input 3-Output NAND Series Terminated Line Driver
MC3030,MC3130	Dual 4-Input Expander for AND-OR-INVERT Gates
MC3031,MC3131	Expandable 4-Wide 2-2-2-3 Input AND-OR Gate
MC3032,MC3132	Expandable 4-Wide 2-2-2-3 Input AND-OR-INVERT Gate
MC3033,MC3133	4-Wide 2-2-2-3 Input AND-OR-INVERT Gate
MC3034,MC3134	Expandable 2-Wide 4-Input AND-OR-INVERT Gate
MC3050,MC3150	AND J-K Flip-Flop
MC3051,MC3151	AND Input J-K Flip-Flop
MC3052,MC3152	AND Input JJ-KR Flip-Flop
MC3053,MC3153	Double-Edge-Triggered Master-Slave Type D Flip-Flop
MC3054,MC3154	OR Input J-K Flip-Flop
MC3055,MC3155	AND Input J-K Flip-Flop
MC3060,MC3160	Dual Type D Flip-Flop
MC3061,MC3161	Dual J-K Flip-Flop
MC3062,MC3162	Dual J-K Flip-Flop
MC3063,MC3163	Dual J-K Flip-Flop
#
MC3232A	Memory Address Multiplexer and Refresh Address Counter
MC3245	Quad TTL-to-MOS Driver
MC3301	Quad Operational Amplifier
MC3302	Quad Single-Supply Comparators
MC3303	Quad Differential Input Operational Amplifier
MC3310	Wide-Band Amplifier
#
#
MC33030	DC Servo Motor Controller/Driver
MC33034	DC Brushless Motor Controller
MC33039	Closed Loop Brushless Motor Adapter
MC33060A	Switch mode Pulse Width Modulation Control Circuits
MC33063	DC to DC Converter Control Circuits
MC33063A	DC to DC Converter Control Circuits
MC33064	Undervoltage Sensing Circuit
MC33065	High Performance Dual
MC33071	High Performance Single Supply Operational Amplifiers
MC33072	Dual High Performance Single Supply Operational Amplifiers
MC33074	Quad High Performance Single Supply Operational Amplifier
MC33078	Low Noise Operational Amplifier
MC33079	Low Noise Operational Amplifier
MC33102	Dual Sleepmode Operational Amplifier
MC33110	Low Voltage Compander
MC33111	Low Voltage Compander
MC33120	Subscriber Loop Interface Circuit
MC33121	Low Voltage Subscriber Loop Interface Circuit
MC33129	High Performance Current Mode Controller
MC3315	(See XC3315) Frequency-to-Voltage Converter
MC33160	Microprocessor Voltage Regulator and Supervisory Circuit
MC3316	(See XC3316) Dual Frequency-to-Voltage Converter
MC3317	(See XC3317) Dual Frequency-to-Voltage Converter
MC33171	Low Power, Single Supply Operational Amplifier
MC33172	Low Power, Single Supply Operational Amplifiers
MC33174	Low Power, Single Supply Operational Amplifiers
MC33178	High Output Current, Low Power, Low Noise Operational Amplifiers
MC33179	High Output Current, Low Power, Low Noise Operational Amplifiers
MC3318	Low Power JFET Input Operational Amplifiers
MC33181	Low Power JFET Input Operational Amplifiers
MC33182	Low Power JFET Input Operational Amplifiers
MC3320	Class B Audio Driver
MC33201	Rail-To-Rail Operational Amplifier
MC3321	Class B Audio Driver
MC33218A	Voice Switched Speakerphone with Microprocessor Interface
MC33219A	Voice Switched Speakerphone
MC3325	Automotive Voltage Regulator
MC33282	JFET Operational Amplifiers
MC33284	JFET Operational Amplifiers
MC3330	Differential/Cascade Amplifier
MC33304	Rail-To-Rail, Sleep mode Two-State Operational Amplifier
MC3333	Vari-Dwell Ignition
MC3334P	High Energy Ignition Circuit
MC3340	Electronic .Attenuator
MC3344	Programmable Frequency Switch
MC3346	General-Purpose Transistor Array
MC3356	Wideband FSK Receiver
MC3357	Low-Power Narrowband FM IF
MC3358	Dual Low-Power Operational Amplifier
MC3359	Low-Power Narrow-Band FM IF
MC3360	1/4-Watt Audio Amplifier
MC3361	Low-Voltage Narrow-Band FM IF
MC3361C	Low Power Narrowband FM IF
MC3362	Low Power Dual Conversion FM Receiver
MC3363	Low Power Dual Conversion FM Receiver
MC3367	Low Voltage Single Conversion FM Receiver
MC3370	Zero Voltage Switch
MC3371	Low Power Narrowband FM IF
MC3372,A	Low Power Narrowband FM IF
MC3373	Remote Control Amplifier- Detector
MC3374	Low Voltage FM Narrowband FM Receiver
MC3380	Emitter Coupled Astable Multivibrator
MC3386	Gen,eral-Purpose Transistor Array
MC3390	Ph.ase-Locked Loop Frequency Synthesizer for CB Radio
MC3391	Remote Controller and Display Driver for CB Radio
MC3397T	Transient Suppressor
MC3399T	Automotive High Side Driver Switch
MC34001	JFET-Input Operational Amplifiers
MC34002	JFET-Input Operational Amplifiers
MC34004	JFET-Input Operational Amplifiers
MC3401	Quad Operational Amplifier
MC34010	Electronic Telephone Circuit
MC34011A	Electronic Telephone Circuit Telephone Tone Ringer
MC34012	Speech Network and Tone Dialer
MC34012-1	Telephone Tone Ringer
MC34012-2	Telephone Tone Ringer
MC34012-3	Telephone Tone Ringer
MC34013A	Telephone Speech Network with Dialer Interface
MC34014	Telephone Speech Network with Dialer Interface
MC34016	Cordless Universal Telephone Interface
MC34017	Telephone Tone Ringer
MC34018	Voice Switched Speakerphone Circuit
MC3403	Quad Differential Input Operational Amplifier
MC3405	Dual Operational Amplifier plus Dual Voltage Comparator
MC34050	Dual EIA-422/423 Transceiver
MC34051	Switch mode Pulse Width Modulation Control Circuits
MC34060	Switchmode Pulse Width Modulation Control Circuits
MC34060A	Three-Terminal Programmable Over-voltage Sensing Circuit
MC34061,A	Pin-Programmable Over-voltage Sensing Circuit
MC34062	DC to DC Converter Control Circuits
MC34063	Under-voltage Sensing Circuit
MC34063A	DC to DC Converter Control Circuits
MC34064	High Performance Dual Channel Current Mode Controller
MC34065	Channel Current Mode Controller
MC34071	High Performance Single Supply Operational Amplifiers
MC34072	Dual High Performance Single Supply Operational Amplifiers
MC34074	Quad High Performance Single Supply Operational Amplifier
MC3408	Eight-Bit Multiplying Digital-to-Analog Converter
MC34080	High Speed Decompensated JFET Input Operational Amplifier
MC34081	High Speed JFET Input Operational Amplifier
MC34082	Dual High Speed JFET Input Operational Amplifier
MC34083	Dual High Speed Decompensated JFET Input Operational Amplifier
MC34084	Quad High Speed JFET Input Operational Amplifier
MC34085	Quad High Speed Decompensated JFET Input Operational Amplifier
MC3410	Ten-Bit D-to-A Converter
MC3410C	Ten-Bit D-to-A Converter
MC3411	(See XC3411) Dual Voltage Comparator
MC34114	Telephone Speech Network with Dialer Interface
MC34115	Continuously Variable Slope Delta Modulator/Demodulator (CVSD)
MC34118	Voice Switched Speakerphone Circuit
MC34119	Low Power Audio Amplifier
MC34120	Subscriber Loop Interface Circuit
MC34129	High Performance Current Mode Controller
MC3416	Crosspoint Switch
MC34160	Microprocessor Voltage Regulator and Supervisory Circuit
MC3417	CVSD Modulator/Demodulator
MC3418	CVSD Modulator/Demodulator (4-Bit Algorithm)
MC34181	Low Power JFET Input Operational Amplifiers
MC34182	Low Power JFET Input Operational Amplifiers
MC34184	Low Power JFET Input Operational Amplifiers
MC3419-1L	Telephone Line-Feed Circuit
MC3419A-1L	Telephone Line-Feed Circuit
MC3419C-1L	Telephone Line-Feed Circuit
MC3420	Switchmode Regulator Control Circuit
MC34216	Programmable Telephone Line Interface Circuit with Loudspeaker Amplifier
MC3422	Current Limiter
MC3423	Over-voltage Sensing Circuit
MC3425	Power Supply Supervisory/Over-Under-Voltage Protection Circuit
MC3426	Ground Fault Interrupter
MC3430	High-Speed Quad Comparator
MC3431	High-Speed Quad Comparator
MC3432	High-Speed Quad Comparator
MC3433	High-Speed Quad Comparator
MC3437	Hex Unified Bus Receiver
MC3438	Quad Unified Bus Transceiver
MC3440	Quad Interface Bus Transceiver
MC3440A	Quad Interface Bus Transceiver
MC3441	Quad Interface Bus Transceiver
MC3441A	Quad Interface Bus Transceiver
MC3443	Quad Interface Bus Transceiver
MC3446	Quad Interface Bus Transceiver
MC3446A	Quad Interface Bus Transceiver
MC3447	Bidirectional Instrumentation Bus Transceiver
MC3448	(See XC3448) Quad Three-State Bus Transceiver
MC3448A	Quad Three-State Bus Transceiver
MC3449	Triple Bidirectional Bus Switch
MC3450	Quad Line Receiver
MC3452	Quad Line Receiver
MC3453	Quad Line Driver
MC3456	Dual Timing Circuit
MC3458	Dual Low-Power Operational Amplifier
MC3459	Quad NMOS Memory Driver
MC3460	Gate Controlled Four-Channel MOS Clock Driver
MC3461	Dual NMOS Memory Sense Amplifier
MC3466	Gate Controlled Four-Channel MOS Clock Driver
MC3467	Triple Preamplifier
MC3468	Magnetic Read Amplifier
MC3469P	Floppy Disk Write Controller
MC3470P,AP	Floppy Disk Read Amplifier System
MC3471	Quad FET Input Operational Amplifier
MC3471P	Floppy Disk Write Controller/Head Driver
MC3476	Programmable Operational Amplifier
MC3479P	Stepper Motor Driver
MC3480	(See XC3480) Memory Controller Circuit
MC3481	Quad Single-Ended Line Driver
MC3484S2	Integrated Solenoid Driver
MC3484S4	Integrated Solenoid Driver
MC3485	Quad Single-Ended Line Driver
MC3486	Quad EIA-422/423 Line Receiver
MC3487	Quad EIA-422 Line Driver with Three-State Outputs
MC3488A	Dual EIA-423/232C Driver
MC3492	8-Segment Visual Display Driver
MC3494	Seven Digit Gas Discharge Display Driver
MC349P	Seven Digit Gas Discharge Display Driver
MC34C86	Quad EIA-422-A Quad Line Receiver
MC34C87	Quad EIA-422-A Quad Line Driver
MC35001	JFET-Input Operational Amplifiers
MC35002	JFET-Input Operational Amplifiers
MC35004	JFET-Input Operational Amplifiers
MC3503	Quad Differential Input Operational Amplifier
MC3505	Dual Operational Amplifier plus Dual Voltage Comparator
MC35050A	Switch mode Pulse Width Modulation Control Circuits
MC35060	Switch mode Pulse Width Modulation Control Circuits
MC35062	Pin-Programmable Over-voltage Sensing Circuit
MC35063	DC to DC Converter Control Circuits
MC35063A	DC to DC Converter Control Circuits
MC35071	High Performance Single Supply Operational Amplifiers
MC35072	Dual High Performance Single Supply Operational Amplifiers
MC35074	Quad High Performance Single Supply Operational Amplifiers
MC35080	High-Speed Decompensated  JFET Input Operational Amplifier
MC35081	High-Speed JFET Input Operational Amplifier
MC35082	Dual High-Speed JFET Input Operational Amplifier
MC35083	Dual High-Speed Decompensated  JFET Input Operational Amplifier
MC35084	Quad High-Speed JFET Input Operational Amplifier
MC35085	Quad High-Speed Decompensated  JFET Input Operational Amplifier
MC3510	Ten-Bit D-to-A Converter
MC3517	Continuously-Variable-Slope Delta Modulator/Demodulator
MC35171	Low Power, Single Supply Operational Amplifiers
MC35172	Low Power, Single Supply Operational Amplifiers
MC35174	Low Power, Single Supply Operational Amplifiers
MC3518	Continuously-Variable-Slope Delta Modulator/Demodulator
MC35181,2,4	Low Power JFET Input Operational Amplifiers
MC3520	Switchmode Regulator Control Circuit
MC3523	Over-voltage Sensing Circuit
MC3556	Dual Timing Circuit
MC3558	Dual Low Power Operational Amplifier
MC3571	Quad FET Input Operational Amplifier
# MC400 Series MTTL(I)
# Vcc = 5.5 Vdc In/Out, Vsup Vdc = 4.5 to 6.0, Max = 8.0 (500/550), Max = 7 (400/450)
MC400,MC450,MC500,MC550	Dual 4-Input NAND gate	mttl	14
MC401,MC451,MC501,MC551	Expandable 4-wide 2,2,2,3-input AOI gate	mttl	14
MC402,MC452,MC502,MC552	8-input NAND gate	mttl	14
MC403,MC453,MC503,MC553	2-wide 3-input AOI with gated complement	mttl	14
MC404,MC454,MC504,MC554	Expandable 3-wide 3-input AOI gate	mttl	14
MC405,MC455,MC505,MC555	Expandable 2-wide 4-input AOI gte	mttl	14
MC406,MC456,MC506,MC556	Expandable 8-input NAND gate	mttl	14
MC407,MC457,MC507,MC557	Line driver	mttl	14
MC408,MC458,MC508,MC558	Quad 2-input NAND gate	mttl	14
MC409,MC459,MC509,MC559	4-wide 3,2,2,3 input expander for AOI gates	mttl	14
MC410,MC460,MC510,MC560	Dual 4-input expander for AOI gates	mttl	14
MC411,MC461,MC511,MC561	Dual 4-input expander for NAND gates	mttl	14
MC412,MC462,MC512,MC562	Triple 3-Input NAND Gate
MC413,MC463,MC513,MC563	R-S Flip-Flop
MC414,MC464,MC514,MC564	Gated R-S Flip-Flop
MC415,MC465,MC515,MC565	AND J-K Flip-Flop
MC416,MC466,MC516,MC566	OR JK Flip-Flop
MC419,MC469,MC519,MC569	Triple 2-Input Buss Driver
MC420,MC470,MC520,MC570	Expandable Dual 2-Wide 2-Input AND-OR-INVERT Gate
MC421,MC471,MC521,MC571	AC Coupled R-S Flip-Flop
MC422,MC472,MC522,MC572	Dual Type D Flip-Flop
MC423,MC473,MC523,MC573	Dual J-K Flip-Flop (separate clock)
MC424,MC474,MC524,MC574	Dual J-K Flip-Flop (common clock)
MC426,MC476,MC526,MC576	Dual 3-Input Pulse Shaper/Delay AND Gate
MC427,MC477,MC527,MC577	OR Expandable Dual 4-Input AND Gate
MC428,MC478,MC528,MC578	Dual 2-Wide 2-3 Input OR Expander
MC429,MC479,MC529,MC579	Hex Inverter
#
MC4024P	Dual Voltage-Controlled Multivibrator
MC4202C	Programmable Quad Operational Amplifier
MC44107	IR Remote Control Transmitter
MC44301	System 4 High Performance Color TV IF
MC44802	PLL Tuning Circuit with 1.3 GHz Prescaler
MC4558,AC,C	Dual High-Frequency Operational Amplifier
MC4741,C	Quad MC1741 Operational Amplifier
MC55107	Dual Line Receiver
MC55108	Dual Line Receiver
MC5524	Dual Sense Amplifier
MC5525	Dual Sense Amplifier
MC5528	Dual High-Speed Sense Amplifier with Preamplifier Test Points
MC5529	Dual High-Speed Sense Amplifier with Preamplifier Test Points
MC55325	Dual Memory Driver
MC5534	Dual Sense Amplifier with Inverted Outputs
MC5535	Dual Sense Amplifier with Inverted Outputs
MC5538	Sense Amplifier with Preamplifier Test Points
MC5539	Sense Amplifier with Preamplifier Test Points
MC6108	8-Bit MPU Bus-Compatible High Speed A-to-D Converter
# 15Vcc ±1Vdc (Max 18Vdc, 1s pulse 20Vdc)
# Motorola High Threshold Logic (MHTL) MC660 Series
MC660	MHTL Expandable Dual 4-input Gate (active pullup)	mhtl,cdip	14
MC661	MHTL Expandable Dual 4-input Gate (passive pullup)	mhtl,cdip	14
MC662	MHTL Expandable Dual 4-input Line Driver	mhtl,cdip	14
MC663	MHTL Dual J-K Flip-Flop                                      	mhtl,cdip	14
MC664	MHTL Master-Slave R-S Flip-Flop                              	mhtl,cdip	14
MC665	MHTL Triple Level Translator                   	mhtl,cdip	14
MC666	MHTL Triple Level Translator	mhtl,cdip	14
MC667	MHTL Dual Monostable Multivibrator                           	mhtl,cdip	14
MC668	MHTL Quad 2-input Gate (passive pullup)                      	mhtl,cdip	14
MC669	MHTL Dual 4-input Expander                                   	mhtl,cdip	14
MC670	MHTL Triple 3-input Gate (passive pullup)                    	mhtl,cdip	14
MC671	MHTL Triple 3-input Gate (active pullup)                     	mhtl,cdip	14
MC672	MHTL Quad 2-input Gate (active pullup)                       	mhtl,cdip	14
MC673	MHTL Dual 2-input AOI Gate	mhtl,cdip	14
MC674	MHTL Dual 2-input AOI Gate	mhtl,cdip	14
MC675	MHTL Dual pulse stretcher	mhtl,cdip	14
MC676	MHTL BCD-to-7-Segment decoder-driver	mhtl,cdip	16
MC677	MHTL Hex Inverter With Strobe (active pullup)	mhtl,cdip	16
MC678	MHTL Hex Inverter With Strobe (without output resistors)	mhtl,cdip	16
MC679,B	MHTL Dual lamp driver	mhtl,cdip	14
MC680	MHTL Hex Inverter	mhtl,cdip	14
MC681	MHTL Hex Inverter (open collector)	mhtl,cdip	14
MC682	MHTL Quad Latch	mhtl,cdip	16
MC683	MHTL Quad 2-input NAND Gate	mhtl,cdip	14
MC684	MHTL Decade Counter	mhtl,cdip	16
MC685	MHTL Binary Counter	mhtl,cdip	16
MC686	MHTL 4-bit shift register	mhtl,cdip	14
#
MC6875,A	M6800 Clock Generator/Driver
MC6881	triple Bidirectional Bus Switch
MC6885	Hex Three-State Buffer/Inverter
MC6886	Hex Three-State Buffer/Inverter
MC6887	Hex Three-State Buffer/Inverter
MC6888	Hex Three-State Buffer/Inverter
MC6889	Non-inverting Bus Transceiver
MC68000L10	10-Mhz 16/32-Bit Microprocessor
MC68194	Carrier Band Modem (CBM)
MC6880A	Quad Three-State Bus Transceiver
MC68HC68T1	Real-Time Clock plus RAM with Serial Interface
MC74HC00A	Quad 2-input NAND Gate
MC74HC02A	Quad 2-input NOR Gate
MC74HC03A	Quad 2-input NAND Gate With Open-Drain Outputs
MC74HC04A	Hex Inverter
MC74HC08A	Quad 2-input AND Gate
MC74HC10	Triple 3-input NAND Gate
MC74HC107	Dual J-K Flip-Flop With Reset
MC74HC109	Dual J-K(bar) Flip-Flop With Set and Reset
MC74HC11	Triple 3-ll1put AND Gate
MC74HC112	Dual J-K Flip-Flop With Set and Reset
MC74HC125A	Quad With 3-State Outputs Non-Inverting Buffer
MC74HC126A	Quad With 3-State Outputs Non-Inverting Buffer
MC74HC132A	Quad 2-input NAND Gate With Schmitt Trigger Inputs
MC74HC133	13-input NAND Gate
MC74HC137	1-of-8 Decoder/Demultiplexer With Address Latch
MC74HC138A	1-of-8 Decoder/Demultiplexer
MC74HC139A	Dual 1-of-4 Decoder/Demultiplexer
MC74HC147	Decimal-to-BCD Encoder
MC74HC14A	Hex Schmitt Trigger Inverter
MC74HC151	B-Input Data Selector/Multiplexer
MC74HC153	Dual 4-input Data Selector/Multiplexer
MC74HC154	1--of-16 Decoder/Demultiplexer
MC74HC157A	Quad 2-input Data Selector/Multiplexer
MC74HC158	Quad 2-input Data Selector/Multiplexer
MC74HC158A	Quad 2-input Data Selector/Multiplexer
MC74HC160	Presettable Counter
MC74HC20	Dual 4-input NAND Gate
MC74HC27	Triple 3-input NOR Gate
MC74HC30	B-Input NAND Gate
MC74HC32A	Quad 2-input OR Gate
MC74HC42	1--01-10 Decoder
MC74HC51	2-Wide, 2-input 2-Wide, 3-input AND-NOR Gate
MC74HC58	2-Wide, 2-input 2-Wide, 3-input AND-OR Gate
MC74HC73	Dual J-K Flip-Flop With Reset
MC74HC74A	Dual D Flip-Flop With Set and Reset
MC74HC75	Dual 2-Bit Transparent Latch
MC74HC76	Dual J-K Flip-Flop With Set and Reset
MC74HC85	4-Bit Magnitude Comparator
MC74HC86	Quad 2-input XOR Gate
MC74HC86A	Quad 2-input XOR Gate
MC74HCT00A	Quad 2-input NAND Gate
MC74HCT04A	Hex Inverter
MC74HCT08A	Quad 2-input AND Gate
MC74HCT138A	1-of-8 Decoder/Demultiplexer
MC74HCT14A	Hex Schmitt Trigger Inverter
MC74HCT157A	Quad 2-input Data Selector/Multiplexer
MC74HCT32A	Quad 2-input OR Gate
MC74HCT74A	Dual D Flip-Flop With Set and Reset
MC74HCU04	Hex Unbuffered Inverter
MC74HCU04A	Hex Unbuffered Inverter
MC74LCX02	Quad 2-input NAND Gate
MC74LCX04	Hex Inverter
MC74LCX05	Quad 2-input AND Gate
MC74LCX08	Hex Inverter, Open Drain
MC74LCX125	l-of-8 Decoder/Demultiplexer
MC74LCX138	Quad Buffer
MC74LCX157	Quad 2-input Multiplexer
MC74LCX158	Octal Buffer (Inverting)
MC74LCX16240A	16-Bit Buffer, Inverting
MC74LCX16244	16-Bit Buffer
MC74LCX16245	16-BitTransceiver
MC74LCX16373	16-BitTransparent Latch
MC74LCX16374	16-Bit D-Type Flip-Flop
MC74LCX16500	la-Bit Universal Bus Transceiver (Yes, it is 18-Bits)
MC74LCX16501	la-Bit Universal Bus Transceiver (Yes, it is 18-Bits)
MC74LCX16543	16-Bit Transceiver/Registered Transceiver
MC74LCX16646	16-Bit Latching Transceiver
MC74LCX16652	16-Bit Transceiver/Registered Transceiver with Dual Enables
MC74LCX240	Quad 2-input Multiplexer (Inverting)
MC74LCX244	Octal Buffer
MC74LCX245	Quad 2-input Multiplexer with 3-State
MC74LCX257	Octal Transceiver
MC74LCX258	Quad 2-input Multiplexer with 3-State (Inverting)
MC74LCX2952	Octal Registered Transceiver with Clock Enable
MC74LCX32	Quad 2-input OR Gate
MC74LCX373	Octal D-Type Flip-Flop
MC74LCX374	Octal Transparent Latch
MC74LCX38	Dual D-Type Flip-Flop
MC74LCX540	Octal Buffer Flow Through Pinout (Inverting)
MC74LCX541	Octal Latching Transceiver
MC74LCX543	Octal Buffer Flow Through Pinout
MC74LCX573	Octal Transparent Latch Flow Through Pinout
MC74LCX574	Octal Transceiver/Registered Transceiver
MC74LCX646	Octal D-Type Flip-Flop Flow Through Pinout
MC74LCX652	Octal Transceiver/Registered Transceiver with Dual Enables
MC74LCX74	Quad 2-input NAND Gate, Open Drain
MC74LCX810	Quad 2-input XNOR Gate
MC74LCX86	Quad 2-input XOR Gate
MC74LCXOO	Quad 2-input NOR Gate
MC74LVX4245	Dual Supply Octal Translating Transceiver
MC74LVXC3245	Configurable Dual Supply Octal Transceiver
MC75107	Dual Line Receiver
MC75108	Dual Line Receiver
MC75125	Seven-Channel Line Receivers
MC75127	Seven-Channel Line Receivers
MC75128	Eight-Channel Line Receivers
MC75129	Eight-Channel Line Receivers
MC75140	Dual Line Receiver
MC7524	Dual Sense Amplifier
MC7525	Dual Sense Amplifier
MC7528	Dual High-Speed Sense Amplifier with Preamplifier Test Points
MC7529	Dual High-Speed Sense Amplifier with Preamplifier Test Points
MC75325	Dual Memory Driver
MC7534	Dual Sense Amplifier with Inverted Outputs
MC7535	Dual Sense Amplifier with Inverted Outputs
MC75365	Quad MOS Clock·Oriver
MC75368	Dual MECL-to-MOS Driver
MC7538	Sense Amplifier with Preamplifier Test Points
MC7539	Sense Amplifier with Preamplifier Test Points
MC75450	Dual Peripheral Driver, Positive AND
MC75452	Dual Peripheral Driver, Positive NANO
MC75453	Dual Peripheral Driver, Positive OR
MC75454	Dual Peripheral Driver •. Positive NOR
MC75461	High Voltage Peripheral Driver
MC75462	High Voltage Peripheral Driver
MC75463	High Voltage Peripheral Driver
MC75464	High Voltage Peripheral Driver
MC75491	Quad Ligh~-Emitting Diode (LED) Driver
MC75492	Hex Light-Emitting Diode (LEO) Driver
MC75S110	Dual Line Driver
MC76108	Dual Line Receiver
MC76110	Dual Line Driver
MC76368	Dual MECL-to-MOS Driver
MC76461	Dual Peripheral Driver, Positive AND
MC7705C	Positive Voltage Regulator (750mA)
MC7706C	Positive Voltage Regulator (750mA)
MC7708C	Positive Voltage Regulator (750mA)
MC7712C	Positive Voltage Regulator (750mA)
MC7715C	Positive Voltage Regulator (750mA)
MC7718C	Positive Voltage Regulc:ttor (750mA)
MC7720C	Positive Voltage Regulator (750mA)
MC7724C	Positive Voltage Regulator (750mA)
MC7800	3-Terminal Positive Voltage Regulators
MC7805C	Positive Voltage Regulator (1.5A)
MC7806C	Positive Voltage Regulator (1.5A)
MC7808C	Positive Voltage Regulator (1.5A)
MC7812C	Positive Voltage Regulator (1.5A)
MC7815C	Positive Voltage Regulator (1.5A)
MC7818C	Positive Voltage Regulator (1.5A)
MC7824C	Positive Voltage Regulator (1.5A)
MC78L00C,AC	Positive Voltage Regulators
MC78L02AC	Positive Voltage Regulator (1 OOmA)
MC78L05AC	Positive Voltage Regulator (1QOmA)
MC78L05C	Positive Voltage Regulator (1 OOmA)
MC78L08AC	Positive Voltage Regulator (1 OOmA)
MC78L08C	· Positive Voltage Regulator (1 OOmA)
MC78L12AC	Positive Voltage Regulator (1 OOmA)
MC78L12C	Positive Voltage Regulator (1 OOmA)
MC78L15AC	Positive Voltage Regulator (100mA)
MC78L15C	Positive Voltage Regulator (100mA)
MC78L18AC	Positive Voltage Regulator (100mA)
MC78L18C	Positive Voltage Regulator (1 OOmA)
MC78L24AC	Positive Voltage Regulator (100mA)
MC78L24C	Positive Voltage Regulator (1 OOmA)
MC78M00BC	Positive Voltage Regulators
MC78M05C	Positive Voltage Regulator (500mA)
MC78M06C	Positive Voltage Regulator (500mA)
MC78M08C	Positive Voltage Regulator (500mA)
MC78M12C	Positive Voltage Regulator (500mA)
MC78M15C	Positive Voltage Regulator (500mA)
MC78M18C	Positive Voltage Regulator (500mA)
MC78M20C	Positive Voltage Regulator (500mA)
MC78M24C	Positive Voltage Regulator (500mA)
MC78T00	Three-Ampere Positive Voltage Regulators
MC7900C,AC	Three-Terminal Negative Fixed Voltage Regulators
MC7902C	Negative Voltage Regulator (1.5A)
MC7905C	Negative Voltage Regulator (1.5A)
MC7906C	Negative Voltage Regulator (1.5A)
MC7908G	Negative Voltage Regulator (1.5A)
MC7912C	Negative Voltage Regulator (1.5A)
MC7915C	Negative Voltage Regulator ( 1.5A)
MC7918C	Negative Voltage Regulator (1.6A)
MC7924C	Negative Voltage Regula tor ( 1 .5A)
MC79L03AC	Negative Voltage Regula tor ( 1 OOmA)
MC79L03C	Negative Voltage Regulator (100mA)
MC79L05C	Negative Voltage Regulator ( 1 OOmA)
MC79L06~C	Negative Voltage Regulator ( 1 OOmA)
MC79L12AC	Neg~tive Voltage Regulator (100mA)
MC79L12C	Negative Voltage Regulator (100mA)
MC79L15C	Negative Voltage. f\egu lator ( 1 OOmA)
MC79L18AC	Negative Voltage Regulator (100mA)
MC79L18C	Negative Voltage Regulator (100mA)
MC79L24AC	Negative Voltage Regulator (i OOmA)
MC79L24C	Negative Voltage Regulator (1 OOmA)
MC79M00	Three-Terminal Negative Fixed Voltage Regulators
MC79l15AC	Negative Voltage Regulator (100mA)
MC830	Expandable NANO Gate
MC832	Expandable Buffer
MC836	Hex Inverter
MC837	Hex Inverter
MC840	Hex Inverter (without input diodes)
MC844	Expandable Dual Power Gate
MC845	Clocked Flip-Flop
MC846	Quad 2-input NANO Gate
MC849	Quad 2-input NANO Gate
MC8T13	Dual Line Driver
MC8T14	Triple Line Receiver
MC8T23	Dual Line Driver
MC8T24	Triple Line Receiver
MC8T26A	Quad Bus Transceiver/MPU Bus Extender
MC8T28	Non-Inverting Bus Transceiver
MC8T95	Hex Three-State Buffer/Inverter
MC8T96	Hex Three-State Buffer/Inverter
MC8T97	Hex Three-State Buffer/Inverter
MC8T98	Hex Three-State Buffer/Inverter
MC936	Hex Inverter
MC937	Hex Inverter
MC944	Expandable Dual Power Gate
MC945	Clocked Flip-Flop
MC946	Quad 2-input NANO Gate
MC951	Monostable Multivibrator
MC952	Dual J-K Flip-Flop (common clock and CD Separate SD)
MC953	Dual J-K Flip-Flop (separate clock and SD, No CD)
MCC1486	Quad LED Digit Driver
MCC1487	Quad LEO Digit Driver
MCC3334	High Energy Ignition Circuit
MCCF3334	High Energy Ignition Circuit NE592 Video Amplifier
MCl220F,L	Quad Line Receiver
MLM101A	General Purpose Adjustable Operational Amplifier
MLM104	Adjustable Negative Voltage Regulator
MLM105	Adjustable Positive Voltage Regulator
MLM107	General Purpose Operational Amplifier
MLM108	Precision Operational Amplifier
MLM108A	Precision Operational Amplifier
MLM109	Positive Voltage Regulator
MLM110	Unity Gain Operational Amplifier
MLM111	Voltage Comparator
MLM124	Quad Operational Amplifier
MLM139	Quad Comparator (Single Supply)
MLM139A	Quad Comparator (Single Supply)
MLM158	Dual Operational Amplifier
MLM201A	General Purpose Operational Amplifier
MLM204	Adjustable Negative Voltage Regulator
MLM205	Adjustable Positive Voltage Regulator
MLM207	General Purpose Operational Amplifier
MLM208	Precision Operational Amplifier
MLM208A	Precision Operational Amplifier
MLM209	Positive Voltage Regulator
MLM210	Unity Gain Operational Amplifier
MLM211	Voltage Comparator
MLM224	Quad Operational Amplifier
MLM239,A	Quad Comparator (Single Supply)
MLM258	Dual Operational.Amplifier
MLM2901	Quad Comparator
MLM2902	Quad Operational Amplifier
MLM301A	General° Purpose Operational Amplifier
MLM304	Adjustable Negative Voltage Regulator
MLM305	Adjustable Positive Voltage Regulator
MLM307	General Purpose Operational Amplifier
MLM308	Precision Operational Amplifier
MLM308A	Precision Operational Amplifier
MLM309	Positive Voltage Regulator
MLM310	Unity Gain Operational Amplifier
MLM311	Voltage Comparator
MLM324	Quad Operational Amplifier
MLM339,A	Quad Comparator (Single SuppJy)
MLM358	Dual Operational Amplifier
MLM565C	Phase-Locked Loop
MMAD1103	16 Diode Array
MMAD1107	Dual 8 Diode Array
MMAD1108	18 Isolated Diode Array
MMAD1109	7 Isolated Diode Array
MMAD130	Dual 1 0 Diode Array
MMADll05	8 Diode Common Cathode Array
MMADll06	8 Diode Common Anode Array
MMH0026	Dual MOS Clock Driver
MMH0026C	Dual MOS Clock Driver
MPQ2222,A	Quad NPN General Purpose Amplifier Transistor Array
MPQ2369	Quad NPN High Speed Switch Transistor Array
MPQ2483	Quad NPN General Purpose Amplifier Transistor Array
MPQ2484	Quad NPN General Purpose Amplifier Transistor Array
MPQ2907A	Quad PNP General Purpose Amplifier Transistor Array
MPQ3467	Quad PNP High Speed Switch Transistor Array
MPQ3725	Quad NPN High Speed Switch Transistor Array
MPQ3762	Quad PNP High Speed Switch Transistor Array
MPQ3798	Quad PNP General Purpose Amplifier Transistor Array
MPQ3799	Quad PNP General Purpose Amplifier Transistor Array
MPQ3904	Quad NPN General Purpose Amplifier and Switch Transistor Array
MPQ3906	Quad PNP General Purpose Amplifier and Switch Transistor Array
MPQ6001	Quad NPN/PNP General Purpose Amplifier and Switch Transistor Array
MPQ6002	Quad NPN/PNP General Purpose Amplifier and Switch Transistor Array
MPQ6100A	Quad NPN/PNP General Purpose Amplifier Transistor Array
MPQ6426	Quad NPN Darlington Transistor Array
MPQ6501	Quad NPN/PNP General Purpose Amplifier and Switch Transistor Array
MPQ6502	Quad NPN/PNP General Purpose Amplifier and Switch Transistor Array
MPQ6600A1	Quad NPN/PNP General Purpose Amplifier Transistor Array
MPQ6700	Quad NPN/PNP General Purpose Amplifier Transistor Array
MPQ6842	Quad NPN/PNP General Purpose Amplifier Transistor Array
MPQ7042	Quad NPN General Purpose Amplifier Transistor Array
MPQ7043	Quad NPN General Purpose Amplifier Transistor Array
MPQ7051	Quad NPN/PNP General Purpose Amplifier and Switch Transistor Array
MPQ7093	Quad PNP General Purpose Amplifier Transistor Array
NE592	Video Amplifier
OP-27	Ultra-Low Noise Precision, High Speed Operational Amplifiers
SAA1042,A	Stepper Motor Driver
SE592	Video Amplifier
SG1525A	Pulse Width Modulator Control Circuits
SG1526	Pulse Width Modulation Control Circuits
SG1527A	Pulse Width Modulator Control Circuits
SG2525A	Pulse Width Modulator Control Circuits
SG2526	Pulse Width Modulation Control Circuits
SG2527A	Pulse Width Modulator Control Circuits
SG3525A	Pulse Width Modulator Control Circuits
SG3526	Pulse Width Modulation Control Circuits
SG3527A	Pulse Width Modulator Control Circuits
SN75172	Quad EIA-485 Line Driver with Three-State Output
SN75173	Quad EIA-485 Line Receiver with Three-State Output
SN75174	Quad EIA-485 Line Driver with Three-State Output
SN75175	Quad EIA-485 Line Receiver with Three-State Output
TBA120C	FM IF Amplifier, Limiter and Detector
TCA3385	Telephone Ring Signal Converter
TCA3388	Telephone Line Interface
TCA4500A	FM Stereo Demodulator
TCA5550	Stereo Sound Control System
TCA5600	Universal Microprocessor Power Supply Controller
TCF6000	Peripheral Clamping Array
TCF7000	Pressure Transducer Amplifier
TDA1085A	Universal Motor Speed Controller
TDA1085C	Universal Motor Speed Controller
TDA1185A	Triac Phase Angle Controller
TDA1190P	TV Sound System
TDA1190Z	TV Sound System
TDA1285A	Universal Motor Speed Controller
TDA1524A	Stereo Tone Control System
TDA3190P	TV Sound System
TDA3301	TV Color Processor
TDA3303	TV Color Processor
TDA3330	TV Color Processor
TDA3333	TV Color Difference Demodulator
TDA4601,B	Flyback Converter Regulator Control Circuit
TL061	Low Power JFET Input Operational Amplifier
TL062	Low Power JFET Input Operational Amplifier
TL064	Low Power JFET Input Operational Amplifier
TL071	Low-Noise JFET Input Operational Amplifier
TL072	Low-Noise JFET Input Operational Amplifier
TL074	Low-Noise JFET Input Operational Amplifier
TL081	JFET Input Operational Amplifier
TL082	JFET Input Operational Amplifier
TL084	JFET Input Operational Amplifier
TL431	Programmable Precision Series References
TL494	Switchmode Pulse Width Modulation Control Circuits
TL594	Switch mode Pulse Width Modulation Control Circuits
TL780	Three-Terminal Positive Voltage Regulators
UAA1016B	Zero Voltage Controller
UAA1041	Automotive Direction Indicator
UC2842A	High Performance Current Mode Controller
UC2843A	High Performance Current Mode Controller
UC3842A	High Performance Current Mode Controller
UC3843A	High Performance Current Mode Controller
ULN2001A	Peripheral Driver Array
ULN2002A	Peripheral Driver Array
ULN2003A	Peripheral Driver Array
ULN2004A	Peripheral Driver Array
ULN2068B	Quad 1.5 A Darlington Switch
ULN2074B	Quad 1.5 A Darlington Switch
ULN2801	Octal Peripheral Driver Array
ULN2802	Octal Peripheral Driver Array
ULN2803	Octal Peripheral Driver Array
ULN2804	Octal Peripheral Driver Array
XC26S10	Quad Open-Collector Bus Transceiver
XC26S11	Quad Open-Collector Bus Transceiver
XC3315	Frequency-to-Voltage Converter
XC3316	Dual Frequency-to-Voltage Converter
XC3317	Dual Frequency-to-Voltage Converter
XC3411	Dual Voltage Comparator
XC3448	Quad Three-State Bus Transceiver
XC3487	Quad RS422 Line Driver with Three-State Outputs
XC480	Memory Controller Circuit
XC6875	M6800 Clock Generator/Driver
